error,expected 
15939.1T,15944.1T 
190.1A,191.1A 
2150.1A,2156.1A 
2404.1C,2405.1C 
285.1A,291.1A 
290.1AT,292.1AT 
309.1T,310.1T 
372.1A,374.1A 
42.1C,44.1C 
451.1T,455.1T 
493.1C,498.1C 
54.1T,55.1T 
57.1C,58C 60.1T 
593.1C,595.1C 
7466d,7471d 
8271.1C,8276.1C 
8270.1ACCCCCTCT,8289.1CCCCCTCTA 
955.1C,960.1C 
16166.1C,16169.1C 
1718.1G,1719.1G 
1717.1A,1719.1G 
2226.1A,2232.1A 
2483.1C,2484.1C 
2487.1C,2491.1C 
3167.1C,3172.1C 
3306.1A,3307.1A 
352.1C,356.1C 
362.1AAAG,368.1AGAA 
455.1C,459.1C 
567.1C,573.1C 
567.XC,573.XC 
5894.1C,5899.1C 
8278.1T,8279.1T 
955.XC,960.XC 
310.1C,315.1C 
2226.2A,2232.2A 
100d,106d 
101d,107d 
102d,108d 
103d,109d 
104d,110d 
248d,249d 
286d,290d 
287d,291d 
298d,299d 
303d,309d 
335d,337d 
452d,455d 
456d,459d 
494d,498d 
956d,960d 
962d,965d 
1408d,1409d 
15940d,15944d 
16162d,16166d 
16323d,16325d 
1655d,1656d 
2394d,2395d 
5747d,5752d 
5895d,5899d 
7466d,7471d 
7502d,7503d 
8271d,8281d 
8272d,8282d 
8273d,8283d 
8274d,8284d 
8275d,8285d 
8276d,8286d 
8277d,8287d 
8278d,8288d 
8279d,8289d 
3106d,3107d 
3107C,3107d 
514d,523d 
515d,524d 
